pred_idx,pred_start,pred_end,gt_idx,gt_start,gt_end,iou
8,2075,2400,1,2199,2535,0.438178
10,2736,3064,2,2549,3247,0.470672
11,3064,3392,3,3247,3334,0.267477
18,5183,5472,5,5328,5535,0.410765
22,6215,6465,6,5546,6524,0.256384
