pred_idx,pred_start,pred_end,gt_idx,gt_start,gt_end,iou
13,9224,10334,12,9225,10342,0.991957
1,614,2324,0,604,2199,0.921557
3,2564,3344,2,2549,3247,0.859296
6,3704,5414,4,3491,5328,0.844595
9,5714,6674,6,5546,6524,0.718335
