pred_idx,pred_start,pred_end,gt_idx,gt_start,gt_end,iou
3,680,2234,0,604,2199,0.931944
5,2355,3344,2,2549,3247,0.706061
7,3555,5414,4,3491,5328,0.922037
8,5415,5564,5,5328,5535,0.510549
9,5565,6794,6,5546,6524,0.768615
13,9257,10303,12,9225,10342,0.936494
