pred_idx,pred_start,pred_end,gt_idx,gt_start,gt_end,iou
10,2736,3064,2,2549,3247,0.470672
8,2075,2400,1,2199,2535,0.438178
18,5183,5472,5,5328,5535,0.410765
11,3064,3392,3,3247,3334,0.267477
22,6215,6465,6,5546,6524,0.256384
7,1686,2075,0,604,2199,0.244361
13,3688,4082,4,3491,5328,0.214908
